#	TriggerDate	TriggerTime	TriggerTime	Class	GOESTbegin	GOESTmax	GOESTend
1	1994-12-14	05:38:45.226	20325.226	M2.5	05:35	05:41	05:45
2	1995-02-03	01:47:11.728	6431.728	M4.3	01:35	01:51	01:54
3	1995-02-04	15:42:24.557	56544.557	M2.6	15:36	15:44	15:49
4	1995-02-20	03:18:27.878	11907.878	M1.1	03:10	03:21	03:28
5	1995-03-29	06:47:45.958	24465.958	C1.6	06:44	06:49	06:51
6	1995-03-29	18:51:52.697	67912.697	C1.9	18:47	18:52	18:54
7	1995-03-29	21:56:10.723	78970.723	B6.6	21:54	21:57	21:59
8	1995-04-22	11:45:22.690	42322.690	M7.1	11:28	11:51	11:59
9	1995-10-13	05:01:57.517	18117.517	M4.8	05:01	05:04	05:07
10	1995-10-20	05:56:46.940	21406.940	M1.5	05:10	06:07	06:45
11	1996-04-22	04:45:09.241	17109.241	M3.6	04:38	04:46	04:48
12	1996-07-09	09:09:01.340	32941.340	X2.6	09:05	09:11	09:15
13	1997-04-01	07:56:31.783	28591.783	C2.2	07:52	07:59	08:04
14	1997-08-29	23:31:22.918	84682.918	M1.4	22:56	23:32	23:54
15	1997-09-14	02:53:29.698	10409.698	C2.8	02:50	02:55	02:58
16	1997-09-22	00:48:09.663	 2889.663	C1.7	00:46	00:49	00:51
17	1997-09-24	02:46:41.465	10001.465	M5.9	02:43	02:48	02:52
18	1997-09-24	05:34:12.140	20052.140	C4.5	05:23	05:35	05:38
19	1997-09-24	11:01:17.294	39677.294	M3.0	10:57	11:06	11:10
20	1997-11-03	09:07:47.612	32867.612	M1.4	09:03	09:10	09:13
21	1997-11-04	02:35:02.274	 9302.274	M4.1	02:32	02:42	03:03
22	1997-11-04	05:55:54.826	21354.826	X2.1	05:52	05:58	06:02
23	1997-11-06	11:51:48.645	42708.645	X9.4	11:49	11:55	12:01
24	1997-11-17	14:15:48.635	51348.635	C1.3	14:14	14:17	14:20
25	1997-11-26	18:32:05.621	66725.621	M2.0	18:31	18:37	18:40
26	1997-11-27	13:03:46.785	47026.785	X2.6	12:59	13:17	13:20
27	1997-11-27	16:13:22.283	58402.283	C3.8	16:10	16:24	16:37
28	1997-11-28	05:02:07.982	18127.982	M6.8	04:53	05:03	05:23
29	1997-12-01	02:35:05.728	 9305.728	M1.2	02:32	02:37	02:47
30	1998-03-05	23:08:16.027	83296.027	C5.6	23:02	23:09	23:12
31	1998-03-15	21:42:19.785	78139.785	M2.7	21:41	21:46	21:50
32	1998-04-09	18:13:29.207	65609.207	C2.9	18:10	18:15	18:19
33	1998-04-29	16:36:40.967	59800.967	M6.8	16:06	16:37	16:59
34	1998-05-02	04:56:17.419	17777.419	C5.4	04:48	05:00	05:21
35	1998-05-06	08:02:53.411	28973.411	X2.7	07:58	08:09	08:20
36	1998-05-08	01:57:18.426	 7038.426	M3.1	01:49	02:04	02:17
37	1998-05-09	03:23:04.289	12184.289	M7.7	03:04	03:40	03:55
38	1998-05-10	13:18:26.603	47906.603	M3.9	13:13	13:20	13:23
39	1998-05-28	19:02:54.765	68574.765	C8.7	18:59	19:12	19:18
40	1998-05-29	00:55:34.440	 3334.440	M6.7	00:51	00:59	01:03
41	1998-06-13	04:18:30.172	15510.172	M1.9	04:15	04:20	04:28
42	1998-06-28	11:41:07.595	42067.595	B8.8	11:38	11:42	11:45
43	1998-08-08	03:14:36.531	11676.531	M3.0	03:12	03:17	03:20
44	1998-08-13	17:54:10.367	64450.367	C9.5	17:50	17:56	18:00
45	1998-08-14	08:25:51.171	30351.171	M3.1	08:19	08:28	08:32
46	1998-08-17	21:13:31.445	76411.445	X1.2	21:10	21:20	21:30
47	1998-08-18	08:18:01.433	29881.433	X2.8	08:14	08:24	08:32
48	1998-08-18	22:13:10.994	79990.994	X4.9	22:10	22:19	22:28
49	1998-08-19	14:09:56.102	50996.102	M3.0	14:04	14:26	14:44
50	1998-08-19	21:40:02.352	78002.352	X3.9	21:35	21:45	21:50
51	1998-08-22	15:05:28.734	54328.734	C1.9	15:03	15:06	15:09
52	1998-08-23	09:30:09.848	34209.848	M2.2	09:23	09:34	09:47
53	1998-08-24	22:01:51.773	79311.773	X1.0	21:50	22:12	22:35
54	1998-08-30	18:03:15.550	64995.550	M1.3	18:00	18:05	18:09
55	1998-09-05	06:25:31.249	23131.249	C1.3	06:23	06:26	06:29
56	1998-09-06	02:12:10.664	 7930.664	C2.3	02:09	02:13	02:16
57	1998-09-06	11:06:10.623	39970.623	C1.3	11:03	11:07	11:10
58	1998-09-09	04:55:36.594	17736.594	M2.8	04:52	04:58	05:05
59	1998-09-20	02:40:02.829	 9602.829	M1.8	02:33	02:51	03:28
60	1998-09-23	06:52:01.914	24721.914	M7.1	06:40	07:13	07:31
61	1998-09-27	08:08:35.862	29315.862	C2.6	08:06	08:13	08:23
62	1998-09-27	23:38:49.320	85129.320	C6.0	23:37	23:42	23:49
63	1998-09-28	06:52:45.356	24765.356	M3.5	06:49	06:54	06:57
64	1998-09-28	12:00:16.505	43216.505	C9.5	11:56	12:01	12:06
65	1998-10-07	15:39:03.937	56343.937	C3.1	15:36	15:41	15:48
66	1998-10-08	08:32:47.822	30767.822	C4.5	08:21	08:37	08:41
67	1998-10-28	13:15:30.275	47730.275	C2.3	13:13	13:19	13:24
68	1998-11-05	06:14:36.308	22476.308	C2.7	06:09	06:14	06:16
69	1998-11-05	11:37:33.435	41853.435	C2.8	11:33	11:38	11:52
70	1998-11-05	13:34:42.668	48882.668	M1.5	13:30	13:36	13:39
71	1998-11-06	08:30:48.323	30648.323	C3.5	08:28	08:33	08:35
72	1998-11-06	12:04:05.554	43445.554	C6.4	12:01	12:06	12:10
73	1998-11-06	15:10:21.278	54621.278	M1.7	15:07	15:11	15:13
74	1998-11-06	22:07:50.866	79670.866	C9.4	22:05	22:09	22:11
75	1998-11-07	11:04:38.971	39878.971	M2.4	11:02	11:06	11:09
76	1998-11-08	22:55:15.306	82515.306	M1.1	22:37	22:56	23:10
77	1998-11-10	06:52:27.624	24747.624	C3.3	06:49	06:53	06:56
78	1998-11-12	05:26:53.864	19613.864	M1.0	05:23	05:28	05:30
79	1998-11-16	20:14:42.005	72882.005	C7.9	20:09	20:15	20:18
80	1998-11-22	06:36:33.669	23793.669	X3.7	06:30	06:42	06:49
81	1998-11-22	16:16:59.364	58619.364	X2.5	16:10	16:23	16:32
82	1998-11-23	06:34:32.275	23672.275	X2.2	06:28	06:44	06:58
83	1998-11-24	02:11:31.959	 7891.959	X1.0	02:07	02:20	02:37
84	1998-11-27	07:36:22.530	27382.530	M1.6	07:21	07:43	07:57
85	1998-11-30	10:15:49.357	36949.357	C3.7	10:12	10:16	10:20
86	1998-12-13	05:15:14.551	18914.551	C3.0	05:12	05:16	05:18
87	1998-12-17	07:42:59.899	27779.899	M3.2	07:40	07:45	07:49
88	1998-12-18	12:51:13.605	46273.605	C2.9	12:47	12:52	12:54
89	1998-12-24	11:40:40.661	42040.661	M1.7	11:29	11:45	12:14
90	1998-12-26	05:58:16.168	21496.168	C7.8	05:55	05:59	06:01
91	1998-12-28	05:46:37.759	20797.759	M3.1	05:45	05:48	05:59
92	1999-01-16	12:06:00.786	43560.786	M3.6	12:02	12:07	12:10
93	1999-01-18	07:56:06.914	28566.914	M2.0	07:52	08:04	08:23
94	1999-01-23	23:48:38.846	85718.846	C3.6	23:47	23:53	23:55
95	1999-01-25	00:54:35.723	 3275.723	M2.6	00:52	00:56	00:58
96	1999-01-26	18:41:10.478	67270.478	C7.9	18:36	18:44	18:54
97	1999-02-01	08:36:32.532	30992.532	C3.8	08:32	08:39	08:44
98	1999-02-13	16:10:59.920	58259.920	C9.4	16:07	16:11	16:22
99	1999-02-16	02:54:07.985	10447.985	M3.2	02:49	03:12	03:45
100	1999-02-17	16:30:20.507	59420.507	C3.4	16:27	16:46	17:08
101	1999-02-28	16:35:32.055	59732.055	M6.6	16:31	16:39	16:43
102	1999-03-02	12:08:58.741	43738.741	C6.3	12:04	12:12	12:20
103	1999-03-08	06:34:53.829	23693.829	M2.6	06:30	06:37	06:43
104	1999-03-11	00:08:09.062	  489.062	C8.7	00:04	00:09	00:11
105	1999-03-16	21:38:15.088	77895.088	M6.2	21:34	21:41	21:46
106	1999-03-17	09:52:58.998	35578.998	M3.2	09:50	09:56	10:05
107	1999-03-18	08:29:04.159	30544.159	M3.3	08:25	08:31	08:35
108	1999-04-04	05:20:44.502	19244.502	M5.4	05:15	05:25	05:30
109	1999-04-05	19:11:26.307	69086.307	C2.6	19:09	19:14	19:16
110	1999-05-03	23:10:13.180	83413.180	M1.9	23:07	23:11	23:13
111	1999-05-08	14:23:57.818	51837.818	M4.6	14:22	14:40	15:01
112	1999-05-09	17:57:31.918	64651.918	M7.6	17:53	18:07	18:15
113	1999-05-16	13:49:09.000	49749.000	M1.2	13:45	13:50	13:53
114	1999-05-16	17:23:23.499	62603.499	M1.1	17:20	17:25	17:28
115	1999-05-17	04:53:33.903	17613.903	M2.3	04:49	04:55	05:00
116	1999-06-04	06:57:59.925	25079.925	M3.9	06:52	07:03	07:11
117	1999-06-26	05:11:10.257	18670.257	M2.3	05:08	05:12	05:14
118	1999-06-27	08:38:10.516	31090.516	M1.0	08:34	08:44	09:02
119	1999-06-29	19:11:19.946	69079.946	M1.6	19:07	19:13	19:20
120	1999-06-30	11:25:37.211	41137.211	M1.9	11:24	11:30	11:38
121	1999-06-30	20:10:05.479	72605.479	M1.1	20:07	20:12	20:15
122	1999-07-24	11:21:30.295	40890.295	M2.1	11:19	11:22	11:28
123	1999-07-25	13:13:28.201	47608.201	M2.4	13:08	13:38	14:17
124	1999-07-28	01:55:10.860	 6910.860	M1.1	01:36	02:01	02:15
125	1999-07-28	08:12:38.586	29558.586	M2.3	08:04	08:14	08:19
126	1999-08-02	00:26:00.081	 1560.081	M1.8	00:23	00:27	00:30
127	1999-08-02	06:27:37.501	23257.501	C3.3	06:25	06:28	06:30
128	1999-08-02	09:15:53.334	33353.334	C3.0	09:04	09:16	09:22
129	1999-08-02	11:51:43.651	42703.651	C6.3	11:48	11:52	11:59
130	1999-08-02	21:21:49.107	76909.107	X1.4	21:18	21:25	21:38
131	1999-08-04	05:48:56.493	20936.493	M6.0	05:45	05:57	06:14
132	1999-08-14	12:06:49.161	43609.161	C7.2	11:58	12:10	12:15
133	1999-08-20	18:27:30.302	66450.302	M1.2	18:25	18:29	18:32
134	1999-08-20	23:05:54.561	83154.561	M9.8	23:03	23:08	23:10
135	1999-08-21	11:02:41.910	39761.910	C5.2	11:00	11:06	11:11
136	1999-08-21	16:33:03.932	59583.932	M3.7	16:30	16:34	16:37
137	1999-08-21	22:12:54.694	79974.694	M5.9	22:10	22:14	22:16
138	1999-08-22	14:11:00.264	51060.264	C5.3	14:09	14:12	14:14
139	1999-08-25	01:34:52.634	 5692.634	M3.6	01:32	01:36	01:40
140	1999-08-28	00:56:02.083	 3362.083	M2.8	00:50	01:02	01:16
141	1999-08-28	17:55:50.744	64550.744	X1.1	17:52	18:05	18:18
142	1999-08-31	12:59:22.258	46762.258	C6.9	12:57	13:02	13:06
143	1999-09-01	18:56:27.713	68187.713	C6.6	18:52	18:59	19:05
144	1999-09-08	12:13:55.527	44035.527	M1.4	12:08	12:17	12:27
145	1999-09-17	01:18:19.213	 4699.213	M2.1	01:14	01:20	01:23
146	1999-09-18	18:20:11.679	66011.679	C2.3	18:18	18:21	18:23
147	1999-10-01	14:59:06.020	53946.020	C6.0	14:49	14:59	15:02
148	1999-10-25	06:29:25.326	23365.326	M1.7	06:26	06:31	06:34
149	1999-11-09	15:34:43.106	56083.106	C4.4	15:32	15:36	15:39
150	1999-11-10	15:48:07.567	56887.567	M1.5	15:44	15:49	15:51
151	1999-11-10	22:11:50.091	79910.091	M1.1	22:09	22:13	22:16
152	1999-11-14	07:56:55.332	28615.332	M8.0	07:54	08:01	08:04
153	1999-11-14	16:22:05.840	58925.840	M2.2	16:20	16:23	16:26
154	1999-11-16	02:38:54.524	 9534.524	M3.8	02:36	02:46	02:54
155	1999-11-16	04:08:17.683	14897.683	M3.0	04:05	04:10	04:13
156	1999-11-17	09:52:03.586	35523.586	M7.4	09:47	09:57	10:02
157	1999-11-21	18:15:15.045	65715.045	M3.4	18:10	18:20	18:25
158	1999-11-22	02:54:39.287	10479.287	C2.9	02:53	02:58	03:04
159	1999-11-24	21:55:06.146	78906.146	M2.2	21:52	21:56	21:58
160	1999-11-26	01:19:28.241	 4768.241	M5.7	01:10	01:23	01:38
161	1999-11-26	13:41:25.079	49285.079	M6.0	13:38	13:43	14:08
162	1999-11-27	12:08:55.804	43735.804	X1.4	12:05	12:12	12:16
163	1999-11-28	11:52:39.855	42759.855	C5.3	11:50	11:53	12:08
164	1999-12-03	19:51:22.143	71482.143	C6.3	19:48	19:53	19:55
165	1999-12-17	09:33:38.750	34418.750	C4.9	09:30	09:35	09:38
166	1999-12-17	21:38:41.553	77921.553	M1.0	21:35	21:41	21:58
167	1999-12-18	19:11:27.126	69087.126	M1.5	19:09	19:12	19:15
168	1999-12-21	17:15:47.190	62147.190	M1.1	17:12	17:19	17:22
169	1999-12-22	10:53:20.862	39200.862	C6.3	10:50	10:56	11:01
170	1999-12-22	18:55:08.709	68108.709	M5.3	18:52	19:04	19:08
171	1999-12-23	10:07:29.303	36449.303	C2.9	10:05	10:09	10:11
172	1999-12-23	19:33:15.920	70395.920	C3.4	19:31	19:37	19:40
173	1999-12-25	11:26:28.256	41188.256	C6.2	11:24	11:29	11:33
174	1999-12-27	01:49:45.858	 6585.858	M1.0	01:46	01:54	02:09
175	1999-12-27	12:00:03.456	43203.456	M2.0	11:54	12:06	12:09
176	1999-12-28	00:42:52.087	 2572.087	M4.5	00:39	00:48	00:52
177	1999-12-29	09:25:21.917	33921.917	C8.8	09:22	09:27	09:31
178	2000-01-12	01:33:27.890	 5607.890	M2.8	01:32	01:38	01:43
179	2000-01-12	20:41:17.037	74477.037	M1.1	20:36	20:49	20:58
180	2000-01-15	01:58:37.394	 7117.394	C4.0	01:55	02:00	02:05
181	2000-01-19	11:19:43.666	40783.666	C1.3	11:18	11:22	11:24
182	2000-01-20	02:24:11.526	 8651.526	C4.1	02:21	02:26	02:30
183	2000-01-22	17:58:44.472	64724.472	M1.0	17:55	18:01	18:07
184	2000-02-03	19:58:24.972	71904.972	C8.4	19:57	20:00	20:04
185	2000-02-04	09:15:04.154	33304.154	M3.0	09:11	09:19	09:28
186	2000-02-04	16:03:53.058	57833.058	C1.4	16:02	16:05	16:08
187	2000-02-04	17:59:20.475	64760.475	C4.9	17:56	18:02	18:06
188	2000-02-05	19:25:38.494	69938.494	X1.2	19:17	19:28	19:31
189	2000-02-20	22:05:21.790	79521.790	M2.4	22:00	22:07	22:13
190	2000-02-24	01:06:46.513	 4006.513	M1.1	01:03	01:11	01:17
191	2000-02-24	14:37:09.528	52629.528	C3.7	14:35	14:38	14:41
192	2000-03-01	11:47:48.980	42468.980	C1.3	11:45	11:49	11:51
193	2000-03-02	08:23:56.631	30236.631	X1.1	08:20	08:28	08:31
194	2000-03-02	13:37:43.809	49063.809	M6.5	13:35	13:43	13:48
195	2000-03-02	16:09:22.103	58162.103	C2.6	16:08	16:14	16:18
196	2000-03-03	02:11:26.527	 7886.527	M3.8	02:08	02:14	02:22
197	2000-03-03	10:45:14.481	38714.481	M4.0	10:40	10:46	10:48
198	2000-03-05	15:25:52.662	55552.662	C3.0	15:23	15:26	15:28
199	2000-03-07	15:11:25.866	54685.866	C5.1	15:09	15:13	15:17
200	2000-03-07	23:39:23.403	85163.403	C4.8	23:36	23:40	23:47
201	2000-03-12	09:03:24.557	32604.557	C5.8	09:00	09:09	09:27
202	2000-03-12	23:33:27.922	84807.922	M3.6	23:30	23:38	23:43
203	2000-03-13	05:03:09.791	18189.791	C6.8	04:59	05:07	05:14
204	2000-03-15	05:40:51.425	20451.425	C4.0	05:38	05:43	05:47
205	2000-03-15	18:31:54.650	66714.650	C3.2	18:25	18:32	18:34
206	2000-03-17	04:55:23.445	17723.445	C5.8	04:53	04:58	05:06
207	2000-03-18	23:53:36.288	86016.288	M3.9	23:53	23:57	00:19
208	2000-03-19	17:52:27.868	64347.868	M1.6	17:01	17:56	18:07
209	2000-03-20	10:03:33.563	36213.563	C4.0	10:02	10:06	10:15
210	2000-03-20	16:41:55.872	60115.872	M2.4	16:37	16:44	16:50
211	2000-03-22	18:42:11.524	67331.524	X1.1	18:34	18:48	18:56
212	2000-03-23	00:28:18.467	 1698.467	M1.3	00:27	00:30	00:33
213	2000-03-24	07:44:42.763	27882.763	X1.8	07:41	07:52	07:59
214	2000-03-24	11:27:59.472	41279.472	M2.8	11:25	11:29	11:33
215	2000-03-24	15:19:21.785	55161.785	M2.6	15:13	15:22	15:25
216	2000-03-27	13:58:59.323	50339.323	C8.4	13:56	14:00	14:04
217	2000-03-31	10:15:09.845	36909.845	M4.1	10:13	10:19	10:24
218	2000-03-31	13:15:36.104	47736.104	M1.8	13:12	13:18	13:23
219	2000-04-01	03:48:42.044	13722.044	C8.2	03:44	03:49	03:54
220	2000-04-04	15:19:18.355	55158.355	C9.7	15:12	15:41	16:05
221	2000-04-06	02:22:28.433	 8548.433	M1.8	02:18	02:29	02:38
222	2000-04-15	10:15:57.260	36957.260	M4.3	10:09	10:18	10:22
223	2000-05-01	10:21:01.167	37261.167	M1.1	10:16	10:27	10:34
224	2000-05-02	14:45:41.440	53141.440	M2.8	14:42	14:51	14:56
225	2000-05-04	04:37:28.197	16648.197	M2.8	04:32	04:51	05:02
226	2000-05-04	11:01:40.998	39700.998	M6.8	10:57	11:08	11:14
227	2000-05-14	09:16:58.422	33418.422	C7.5	09:14	09:18	10:00
228	2000-05-15	08:42:44.342	31364.342	M4.4	08:16	09:02	09:28
229	2000-05-15	10:48:34.516	38914.516	M1.2	10:46	10:50	10:56
230	2000-05-16	15:48:49.093	56929.093	M3.2	15:46	15:51	15:57
231	2000-05-18	15:55:42.559	57342.559	M2.7	15:52	15:57	15:59
232	2000-05-20	20:20:05.469	73205.469	C2.1	20:17	20:22	20:27
233	2000-05-21	10:21:13.155	37273.155	C8.2	10:19	10:23	10:26
234	2000-06-01	06:11:43.677	22303.677	M2.5	06:07	06:17	06:27
235	2000-06-02	19:22:06.847	69726.847	M7.6	18:48	19:38	19:50
236	2000-06-03	19:18:22.400	69502.400	M6.1	19:13	19:24	19:32
237	2000-06-04	22:06:34.548	79594.548	M3.2	22:02	22:10	22:16
238	2000-06-06	13:30:49.589	48649.589	X1.1	13:30	13:39	13:46
239	2000-06-06	15:01:32.086	54092.086	X2.3	14:58	15:25	15:40
240	2000-06-07	04:40:39.916	16839.916	M2.2	04:37	04:44	04:52
241	2000-06-07	15:43:09.395	56589.395	X1.2	15:34	15:53	16:06
242	2000-06-08	09:40:51.061	34851.061	C2.5	09:39	09:42	09:46
243	2000-06-12	11:15:32.476	40532.476	C2.0	11:12	11:18	11:20
244	2000-06-15	15:12:54.369	54774.369	C6.6	15:10	15:13	15:15
245	2000-06-17	02:31:05.676	 9065.676	M3.5	02:25	02:37	02:44
246	2000-06-18	01:55:56.545	 6956.545	X1.0	01:52	01:59	02:03
247	2000-06-23	04:03:26.440	14606.440	M2.6	04:00	04:07	04:12
248	2000-06-23	14:23:26.930	51806.930	M3.0	14:18	14:31	14:46
249	2000-07-09	07:21:54.655	26514.655	M5.7	07:15	07:23	07:26
250	2000-07-10	20:00:57.536	72057.536	M1.9	19:55	20:05	20:13
251	2000-07-11	11:38:27.155	41907.155	M4.2	11:32	11:41	11:52
252	2000-07-12	10:30:38.899	37838.899	X1.9	10:18	10:37	10:46
253	2000-07-12	18:44:09.965	67449.965	M5.7	18:41	18:49	19:07
254	2000-07-12	21:39:17.028	77957.028	M1.9	21:37	21:40	21:43
255	2000-07-13	06:11:13.083	22273.083	C7.1	06:09	06:20	06:23
256	2000-07-13	16:17:43.205	58663.205	M1.1	16:15	16:23	16:27
257	2000-07-13	22:03:39.029	79419.029	M1.5	22:01	22:06	22:10
258	2000-07-14	10:12:36.893	36756.893	X5.7	10:03	10:24	10:43
259	2000-07-17	20:24:42.232	73482.232	M2.4	20:14	20:27	20:32
260	2000-07-20	20:15:12.507	72912.507	C6.1	20:09	20:15	20:17
261	2000-07-21	05:22:38.393	19358.393	M1.7	05:17	05:24	05:29
262	2000-07-21	14:35:16.603	52516.603	M5.5	14:30	14:37	14:43
263	2000-07-25	02:47:06.034	10026.034	M8.0	02:43	02:49	02:54
264	2000-07-25	18:44:33.865	67473.865	M1.2	18:41	18:46	18:57
265	2000-07-27	04:07:55.885	14875.885	M2.4	04:06	04:10	04:13
266	2000-08-25	14:30:50.221	52250.221	M1.4	14:21	14:35	14:46
267	2000-09-15	14:35:02.437	52502.437	M2.0	14:29	14:37	14:44
268	2000-09-16	04:11:59.641	15119.641	M5.9	04:06	04:26	04:48
269	2000-09-16	14:26:53.467	52013.467	M3.3	14:16	14:28	14:32
270	2000-09-22	09:50:27.277	35427.277	C4.4	09:30	10:03	10:17
271	2000-09-25	14:57:05.000	53825.000	C1.8	14:54	14:57	14:59
272	2000-09-30	23:16:53.979	83813.979	X1.2	23:13	23:21	23:28
273	2000-10-29	01:45:46.243	 6346.243	M4.4	01:28	01:57	02:09
274	2000-11-08	09:51:50.024	35510.024	M1.5	09:48	09:58	10:05
275	2000-11-22	16:19:40.109	58780.109	C7.0	16:16	16:21	16:23
276	2000-11-23	23:21:51.728	84111.728	M1.0	23:18	23:28	23:37
277	2000-11-24	04:58:55.602	17935.602	X2.0	04:55	05:02	05:08
278	2000-11-24	15:07:35.657	54455.657	X2.3	14:51	15:13	15:21
279	2000-11-25	18:37:45.070	67065.070	X1.9	18:33	18:44	18:55
280	2000-12-19	10:23:11.698	37391.698	C9.5	10:03	10:24	10:28
281	2000-12-22	20:14:26.057	72866.057	C1.8	20:11	20:14	20:16
282	2000-12-27	15:39:33.211	56373.211	M4.3	15:30	15:44	15:53
283	2000-12-27	17:37:53.976	63473.976	C3.3	17:35	17:38	17:40
284	2001-01-09	06:48:29.256	24509.256	M1.8	06:45	06:50	06:52
285	2001-01-10	10:14:53.612	36893.612	M3.5	10:12	10:16	10:18
286	2001-01-20	21:10:22.455	76222.455	M7.7	21:06	21:20	21:32
287	2001-02-01	07:10:43.573	25843.573	C7.9	07:07	07:12	07:15
288	2001-03-08	11:16:45.905	40605.905	M5.7	11:13	11:18	11:21
289	2001-03-09	01:55:33.952	 6933.952	M1.5	01:51	01:57	02:00
290	2001-03-10	04:03:18.092	14598.092	M6.7	04:00	04:05	04:07
291	2001-03-20	03:31:43.143	12703.143	M1.2	03:20	03:33	03:37
292	2001-03-21	11:25:12.343	41112.343	C9.8	11:22	11:27	11:32
293	2001-03-24	01:35:09.234	 5709.234	M1.2	01:33	01:38	01:42
294	2001-03-25	04:17:23.214	15443.214	M2.5	04:12	04:24	04:31
295	2001-03-25	11:14:44.954	40484.954	M2.6	10:33	11:16	11:20
296	2001-03-27	16:27:36.788	59256.788	M2.2	16:25	16:30	16:32
297	2001-03-28	10:46:07.895	38767.895	C9.9	10:42	10:47	10:50
298	2001-03-29	02:53:17.106	10397.106	M2.1	02:44	02:56	03:00
299	2001-03-29	10:03:19.694	36199.694	X1.7	09:57	10:15	10:32
300	2001-04-02	00:17:20.514	 1040.514	M3.2	00:14	00:28	00:40
301	2001-04-02	10:06:00.142	36360.142	X1.4	10:04	10:14	10:20
302	2001-04-02	11:26:35.726	41195.726	X1.1	10:58	11:36	12:05
303	2001-04-02	21:34:55.783	77695.783	X20	    21:32	21:51	22:03
304	2001-04-06	19:13:35.472	69215.472	X5.6	19:10	19:21	19:31
305	2001-04-09	15:23:54.793	55434.793	M7.9	15:20	15:34	16:00
306	2001-04-10	05:12:28.362	18748.362	X2.3	05:06	05:26	05:42
307	2001-04-14	17:44:21.249	63861.249	M1.0	17:15	18:11	18:28
308	2001-04-15	04:06:03.211	14763.211	C2.2	04:04	04:08	04:12
309	2001-04-15	13:44:39.258	49479.258	X14.4	13:19	13:50	13:55
310	2001-04-20	21:30:16.975	77416.975	C8.0	21:28	21:34	21:40
311	2001-04-21	19:31:40.060	70300.060	C1.7	19:29	19:33	19:36
312	2001-04-22	20:40:25.090	74425.090	M3.2	20:37	20:44	20:47
313	2001-04-24	22:21:39.229	80499.229	M1.8	22:14	22:24	22:30
314	2001-04-25	13:43:25.303	49405.303	M2.7	13:39	13:48	13:59
315	2001-04-26	13:08:14.519	47294.519	M7.8	11:26	13:12	13:19
316	2001-05-02	00:36:00.240	 2160.240	M1.8	00:32	00:40	00:47
317	2001-05-12	23:27:24.736	84444.736	M3.0	22:42	23:35	23:45
318	2001-05-20	06:01:52.605	21712.605	M6.4	06:00	06:03	06:06
319	2001-06-04	08:08:05.288	29285.288	M2.4	08:03	08:12	08:20
320	2001-06-05	04:45:39.334	17139.334	M2.5	04:41	04:51	05:01
321	2001-06-13	11:36:52.168	41812.168	M7.8	11:22	11:42	11:51
322	2001-06-15	10:11:17.561	36677.561	M6.3	10:01	10:13	10:20
323	2001-06-23	00:12:49.539	  769.539	M5.6	00:10	00:15	00:20
324	2001-06-24	03:13:27.353	11607.353	C2.9	03:10	03:14	03:17
325	2001-07-19	09:57:29.052	35849.052	M1.8	09:52	10:04	10:17
326	2001-08-03	03:05:39.704	11139.704	M1.5	03:02	03:07	03:09
327	2001-08-05	15:03:33.020	54213.020	C3.5	15:00	15:04	15:07
328	2001-08-05	22:19:59.162	80399.162	M4.9	22:16	22:24	22:29
329	2001-08-07	07:29:03.481	26943.481	M1.1	07:26	07:37	07:47
330	2001-08-07	12:55:00.101	46500.101	C2.8	12:33	13:03	13:10
331	2001-08-07	16:26:23.983	59183.983	C3.6	16:23	16:28	16:33
332	2001-08-10	01:32:27.478	 5547.478	C8.0	01:28	01:36	01:43
333	2001-08-21	21:55:00.351	78900.351	M1.5	21:51	21:57	22:00
334	2001-08-25	16:28:04.057	59284.057	X5.3	16:23	16:45	17:04
335	2001-08-25	19:55:58.039	71758.039	M1.19	19:52	19:56	19:59
336	2001-08-27	06:34:36.097	23676.097	M1.9	06:31	06:38	06:56
337	2001-08-28	02:00:40.401	 7240.401	C6.1	01:59	02:03	02:08
338	2001-08-30	20:35:59.086	74159.086	M3.0	20:34	20:38	20:41
339	2001-08-31	10:37:58.531	38278.531	M1.6	10:35	10:42	10:45
340	2001-08-31	22:40:26.198	81626.198	M2.9	22:27	22:42	22:45
341	2001-09-01	20:41:28.115	74488.115	C2.7	20:39	20:47	20:52
342	2001-09-02	05:43:35.109	20615.109	C2.1	05:42	05:46	05:50
343	2001-09-02	13:45:10.778	49510.778	M3.0	13:41	13:48	13:54
344	2001-09-05	14:27:42.338	52062.338	M6.0	14:25	14:32	14:34
345	2001-09-07	15:29:43.014	55783.014	M1.2	15:26	15:38	15:51
346	2001-09-08	16:44:04.548	60244.548	C5.1	16:40	16:45	16:49
347	2001-09-09	08:01:48.370	28908.370	C4.5	08:00	08:05	08:11
348	2001-09-09	15:12:24.449	54744.449	M3.4	15:10	15:16	15:21
349	2001-09-09	18:40:36.799	67236.799	M2.0	18:35	18:41	18:43
350	2001-09-09	20:43:37.477	74617.477	M9.5	20:40	20:45	20:48
351	2001-09-11	00:31:20.956	 1880.956	C9.5	00:28	00:33	00:37
352	2001-09-11	09:35:53.688	34553.688	C9.7	09:33	09:37	09:39
353	2001-09-13	16:00:39.287	57639.287	C7.0	15:57	16:02	16:04
354	2001-09-13	19:50:15.910	71415.910	C5.8	19:48	19:51	19:54
355	2001-09-14	21:45:00.716	78300.716	M3.7	21:41	21:50	22:00
356	2001-09-16	07:43:48.114	27828.114	C4.5	07:39	07:45	07:51
357	2001-09-17	08:20:48.491	30048.491	M1.5	08:18	08:25	08:34
358	2001-09-17	15:48:20.853	56900.853	M8.1	15:44	15:50	15:54
359	2001-09-18	00:06:15.629	  375.629	M1.4	00:02	00:08	00:15
360	2001-09-18	17:05:22.203	61522.203	M1.4	17:02	17:07	17:09
361	2001-09-20	18:15:17.114	65717.114	M1.5	18:12	18:17	18:21
362	2001-09-24	10:17:53.525	37073.525	X2.6	09:32	10:38	11:09
363	2001-10-12	03:22:51.960	12171.960	C7.6	03:06	03:27	03:31
364	2001-10-19	09:38:39.982	34719.982	M5.7	09:35	09:43	09:55
365	2001-10-19	16:22:43.618	58963.618	X1.6	16:13	16:30	16:43
366	2001-10-22	00:34:44.921	 2084.921	M1.0	00:22	00:40	00:48
367	2001-10-22	17:50:01.659	64201.659	X1.2	17:44	17:59	18:14
368	2001-10-25	05:18:26.823	19106.823	C5.2	05:16	05:21	05:25
369	2001-10-25	14:51:30.205	53490.205	X1.3	14:42	15:02	15:28
370	2001-10-25	22:52:00.327	82320.327	C6.1	22:50	22:54	22:58
371	2001-10-26	14:30:21.707	52221.707	M2.0	14:28	14:35	14:37
372	2001-10-28	09:20:05.090	33605.090	C4.8	09:17	09:21	09:25
373	2001-10-29	16:30:12.933	59412.933	C8.7	16:27	16:34	16:37
374	2001-10-30	12:18:30.975	44310.975	C7.4	12:16	12:20	12:23
375	2001-10-31	08:03:37.007	29017.007	M3.2	07:34	08:09	08:19
376	2001-11-04	06:41:12.935	24072.935	C8.4	06:38	06:43	06:46
377	2001-11-04	16:06:08.876	57968.876	X1.0	16:03	16:20	16:57
378	2001-11-08	07:02:25.203	25345.203	M9.1	06:59	07:04	07:06
379	2001-11-12	07:54:50.230	28490.230	M1.6	07:52	07:57	08:01
380	2001-11-22	20:23:10.698	73390.698	M3.8	20:18	20:36	20:52
381	2001-11-28	16:33:06.719	59586.719	M6.9	16:26	16:35	16:41
382	2001-11-28	18:01:29.318	64889.318	C3.6	17:58	18:02	18:05
383	2001-11-29	01:48:56.742	 6536.742	M1.1	01:42	01:49	01:51
384	2001-11-29	05:21:11.612	19271.612	C8.8	05:20	05:23	05:26
385	2001-11-29	14:03:20.999	50600.999	C7.6	13:59	14:05	14:08
386	2001-12-01	06:49:02.533	24542.533	M2.2	06:47	06:51	06:54
387	2001-12-10	09:34:56.439	34496.439	C8.6	09:31	09:38	09:43
388	2001-12-11	08:03:38.854	29018.854	X2.8	07:58	08:08	08:14
389	2001-12-12	19:04:52.427	68692.427	M3.0	19:00	19:11	19:18
390	2001-12-12	23:17:28.429	83848.429	M4.8	23:13	23:22	23:28
391	2001-12-13	14:24:50.076	51890.076	X6.2	14:20	14:30	14:35
392	2001-12-24	00:31:41.895	 1901.895	M1.7	00:26	00:32	00:37
393	2001-12-28	03:45:38.006	13538.006	M4.7	03:42	03:51	03:56
394	2001-12-29	09:39:30.684	34770.684	M9.3	09:38	09:45	10:06
395	2002-01-13	13:37:13.332	49033.332	C8	    13:36	13:38	13:41
396	2002-01-13	19:44:47.132	71087.132	M2.2	19:35	19:46	19:49
397	2002-01-14	01:54:53.845	 6893.845	M1.7	01:52	01:56	02:03
398	2002-01-31	14:40:07.809	52807.809	M3.6	14:36	14:44	14:50
399	2002-02-20	06:08:29.401	22109.401	M5.1	05:52	06:12	06:16
400	2002-02-20	11:06:10.074	39970.074	C7.5	11:02	11:07	11:12
401	2002-02-20	21:06:05.257	75965.257	M2.4	21:00	21:07	21:09
402	2002-02-25	21:26:12.884	77172.884	C4.1	21:24	21:27	21:30
403	2002-02-26	10:26:23.466	37583.466	C9.6	10:25	10:27	10:29
404	2002-03-10	01:34:53.874	 5693.874	C5.1	01:33	01:36	01:38
405	2002-03-10	05:03:54.269	18234.269	C6.0	05:01	05:05	05:08
406	2002-03-12	19:07:10.730	68830.730	C2.2	19:04	19:09	19:12
407	2002-03-14	01:42:13.093	 6133.093	M5.7	01:38	01:50	02:02
408	2002-03-17	10:15:30.853	36930.853	M1.3	10:11	10:19	10:24
409	2002-03-17	19:27:39.912	70059.912	M4.0	19:24	19:31	19:34
410	2002-04-09	00:39:53.924	 2393.924	M2.1	00:38	00:42	00:50
411	2002-04-09	13:01:32.972	46892.972	M1.1	12:54	13:02	13:10
412	2002-04-10	12:27:48.152	44868.152	M8.2	12:23	12:31	12:40
413	2002-04-10	19:02:48.908	68568.908	M1.6	18:48	19:07	19:15
414	2002-04-12	16:00:00.418	57600.418	C7.7	15:57	16:03	16:12
415	2002-04-14	22:25:35.449	80735.449	C7.2	22:22	22:29	22:33
416	2002-04-15	02:48:47.279	10127.279	C9.8	02:46	02:51	02:55
417	2002-04-21	01:15:00.594	 4500.594	X1.5	00:43	01:51	02:38
418	2002-05-14	12:59:54.410	46794.410	C4.2	12:58	13:03	13:20
419	2002-05-20	15:24:56.403	55496.403	X2.1	15:21	15:27	15:31
420	2002-05-29	02:46:05.045	 9965.045	C8.6	02:15	02:46	03:22
421	2002-05-31	00:06:44.306	  404.306	M2.4	00:04	00:16	00:25
422	2002-06-01	03:53:35.630	14015.630	M1.5	03:50	03:57	04:01
423	2002-06-01	10:48:26.774	38906.774	M1.1	10:44	10:49	10:52
424	2002-06-01	23:47:19.279	85639.279	C5.1	23:45	23:49	23:52
425	2002-06-02	11:44:31.685	42271.685	C9.4	11:41	11:47	11:50
426	2002-06-29	09:29:45.671	34185.671	C2.0	09:27	09:33	09:37
427	2002-07-03	02:10:03.233	 7803.233	X1.5	02:08	02:13	02:16
428	2002-07-03	20:08:45.170	72525.170	M5.3	20:00	20:10	20:21
429	2002-07-05	13:20:42.221	48042.221	M3.2	13:10	13:26	13:37
430	2002-07-11	14:47:32.737	53252.737	M5.8	14:44	14:51	14:57
431	2002-07-18	03:32:52.174	12772.174	M2.2	03:22	03:37	03:40
432	2002-07-18	07:42:14.161	27734.161	X1.8	07:24	07:44	07:49
433	2002-07-20	21:06:18.205	75978.205	X3.3	21:04	21:30	21:54
434	2002-07-26	22:06:50.407	79610.407	M5.3	22:03	22:17	22:32
435	2002-07-28	23:01:01.394	82861.394	M2.2	22:58	23:12	23:24
436	2002-07-29	02:35:58.627	 9358.627	M4.8	02:29	02:38	02:46
437	2002-07-29	17:54:20.354	64460.354	C3.8	17:53	17:56	17:58
438	2002-08-01	17:05:44.364	61544.364	C6.0	17:04	17:07	17:09
439	2002-08-03	19:04:05.118	68645.118	X1.0	18:59	19:07	19:11
440	2002-08-04	07:17:49.918	26269.918	C7.4	07:14	07:20	07:25
441	2002-08-04	09:12:19.205	33139.205	M6.6	08:58	09:55	10:33
442	2002-08-15	06:04:01.505	21841.505	M1.0	06:01	06:05	06:09
443	2002-08-17	08:56:47.770	32207.770	C2.1	08:44	08:58	09:03
444	2002-08-17	20:48:26.728	74906.728	M3.4	20:39	20:51	20:57
445	2002-08-18	21:19:48.274	76788.274	M2.2	21:12	21:25	21:37
446	2002-08-19	10:30:41.258	37841.258	M2.0	10:28	10:34	10:38
447	2002-08-19	21:00:06.240	75606.240	M3.1	20:56	21:02	21:06
448	2002-08-20	01:34:30.023	 5670.023	M5.0	01:33	01:40	01:43
449	2002-08-20	08:24:48.249	30288.249	M3.4	08:22	08:26	08:30
450	2002-08-20	21:13:29.396	76409.396	M1.2	20:53	21:14	21:24
451	2002-08-20	22:27:52.468	80872.468	C6.2	22:21	22:28	22:30
452	2002-08-21	01:38:33.242	 5913.242	M1.4	01:35	01:45	01:45
453	2002-08-21	05:31:33.781	19893.781	X1.0	05:28	05:36	05:36
454	2002-08-22	01:51:26.786	 6686.786	M5.4	01:47	01:57	02:05
455	2002-08-27	12:28:33.932	44913.932	C9.0	12:25	12:29	12:32
456	2002-08-28	10:59:02.984	39542.984	C5.7	10:57	11:00	11:10
457	2002-08-28	18:54:18.271	68058.271	M4.6	18:52	18:59	19:06
458	2002-08-29	12:48:47.381	46127.381	M3.2	12:42	12:52	12:56
459	2002-08-30	13:27:38.843	48458.843	X1.5	12:47	13:29	13:35
460	2002-08-31	14:22:38.460	51758.460	C4.7	14:18	14:22	14:25
461	2002-09-02	00:07:46.294	  466.294	C2.0	00:06	00:08	00:10
462	2002-09-06	16:27:07.011	59227.011	C9.2	16:23	16:28	16:31
463	2002-09-10	14:52:39.257	53559.257	M2.9	14:49	14:56	15:00
464	2002-09-10	17:36:55.563	63415.563	C6.5	17:34	17:38	17:41
465	2002-09-11	07:33:04.902	27184.902	M2.2	07:26	07:35	07:42
466	2002-09-16	03:08:49.477	11329.477	M1.3	03:06	03:10	03:12
467	2002-09-17	05:51:12.333	21072.333	C2.0	05:48	05:54	05:58
468	2002-09-20	09:25:57.677	33957.677	M1.8	09:21	09:28	09:33
469	2002-09-29	06:36:15.353	23775.353	M2.6	06:32	06:39	06:41
470	2002-10-06	04:49:50.008	17390.008	M2.4	04:46	04:51	04:53
471	2002-10-16	03:13:36.288	11616.288	C7.1	03:10	03:14	03:17
472	2002-10-20	14:25:39.884	51939.884	M1.8	14:21	14:28	14:35
473	2002-10-22	15:32:15.604	55935.604	M1.0	15:29	15:35	15:51
474	2002-10-26	03:26:59.663	12419.663	C2.8	03:19	03:27	03:30
475	2002-10-31	16:50:52.069	60652.069	X1.2	16:47	16:52	16:55
476	2002-11-05	16:08:54.083	58134.083	C6.4	16:06	16:10	16:13
477	2002-11-09	13:13:43.632	47623.632	M4.6	13:08	13:23	13:36
478	2002-11-11	07:29:48.763	26988.763	M2.9	07:25	07:33	07:39
479	2002-11-12	18:16:03.743	65763.743	C9.9	17:58	18:18	18:24
480	2002-11-14	11:09:32.456	40172.456	C5.5	11:07	11:11	11:15
481	2002-11-14	22:24:35.660	80675.660	M1.0	22:21	22:26	22:30
482	2002-12-04	22:46:33.930	81993.930	M2.5	22:41	22:49	22:57
483	2002-12-20	13:15:44.638	47744.638	M6.8	13:13	13:18	13:20
484	2002-12-20	20:13:13.218	72793.218	C7.2	20:10	20:14	20:16
485	2003-01-07	23:30:08.372	84608.372	M4.9	23:25	23:33	23:40
486	2003-02-21	19:48:36.554	71316.554	C4.3	19:46	19:50	19:54
487	2003-02-22	09:28:12.433	34092.433	C5.8	09:24	09:29	09:31
488	2003-03-05	02:58:40.468	10720.468	B6.5	02:57	03:01	03:13
489	2003-03-17	18:57:11.621	68231.621	X1.5	18:50	19:05	19:16
490	2003-03-18	12:01:25.977	43285.977	X1.5	11:51	12:08	12:20
491	2003-03-19	13:31:15.293	48675.293	M1.4	13:25	13:32	13:38
492	2003-03-20	11:27:31.621	41251.621	M1.5	11:25	11:31	11:37
493	2003-04-09	09:29:08.217	34148.217	C6.4	09:22	09:33	09:49
494	2003-04-09	23:27:02.806	84422.806	M2.5	23:23	23:29	23:34
495	2003-04-21	13:03:07.723	46987.723	M2.8	12:54	13:07	13:14
496	2003-04-23	01:01:21.010	 3681.010	M5.1	00:39	01:06	01:15
497	2003-04-25	20:54:01.276	75241.276	C6.8	20:51	20:58	21:01
498	2003-04-26	00:55:01.000	 3301.000	M2.1	00:51	00:58	01:00
499	2003-04-26	03:03:25.460	11005.460	M2.1	03:01	03:06	03:12
500	2003-04-26	08:04:34.478	29074.478	M7.0	08:01	08:07	08:09
501	2003-04-26	14:42:28.931	52948.931	C6.0	14:39	14:46	14:50
502	2003-04-27	07:38:36.283	27516.283	C8.1	07:37	07:40	07:43
503	2003-04-27	15:30:15.712	55815.712	M1.7	15:27	15:32	15:35
504	2003-05-27	23:01:10.386	82870.386	X1.3	22:56	23:07	23:13
505	2003-05-28	00:20:54.185	 1254.185	X3.6	00:17	00:27	00:39
506	2003-05-29	00:58:55.185	 3535.185	X1.2	00:51	01:05	01:12
507	2003-05-29	19:32:59.001	70379.001	M2.8	19:28	19:37	19:43
508	2003-05-31	02:18:57.612	 8337.612	M9.3	02:13	02:24	02:40
509	2003-06-01	07:04:27.331	25467.331	M1.0	07:01	07:11	07:22
510	2003-06-02	13:15:35.041	47735.041	M1.0	13:13	13:17	13:22
511	2003-06-07	09:41:49.308	34909.308	C2.3	09:39	09:42	10:08
512	2003-06-08	16:08:26.203	58106.203	M4.0	16:05	16:11	16:15
513	2003-06-09	11:24:09.174	41049.174	M4.7	11:21	11:28	11:33
514	2003-06-09	19:00:49.259	68449.259	C9.4	18:58	19:01	19:06
515	2003-06-09	21:36:24.407	77784.407	X1.7	21:31	21:39	21:43
516	2003-06-10	08:35:26.520	30926.520	M2.7	08:34	08:37	08:40
517	2003-06-10	11:06:17.589	39977.589	M5.1	10:55	11:12	11:15
518	2003-06-10	16:21:08.350	58868.350	M1.0	16:20	16:24	16:27
519	2003-06-11	20:05:08.616	72308.616	X1.6	20:01	20:14	20:27
520	2003-06-12	10:26:59.073	37619.073	C8.1	10:22	10:27	10:32
521	2003-06-12	14:00:33.166	50433.166	M1.0	13:58	14:03	14:09
522	2003-06-12	21:24:18.709	77058.709	M2.6	21:22	21:27	21:31
523	2003-06-13	04:34:04.922	16444.922	M1.7	04:31	04:37	04:43
524	2003-06-15	23:42:19.414	85339.414	X1.3	23:25	23:56	00:25
525	2003-06-17	21:49:34.067	78574.067	C5.2	21:44	21:53	21:58
526	2003-06-29	10:58:21.144	39501.144	C3.9	10:55	11:01	11:08
527	2003-07-17	08:19:28.782	29968.782	C9.8	08:17	08:23	08:29
528	2003-07-30	04:09:00.577	14940.577	M2.5	04:04	04:10	04:12
529	2003-08-02	23:50:52.481	85852.481	M1.3	23:41	23:54	00:02
530	2003-08-05	12:47:21.739	46041.739	M1.7	12:43	12:49	12:51
531	2003-08-10	01:26:22.265	 5182.265	C1.8	01:24	01:27	01:29
532	2003-08-19	07:55:42.355	28542.355	M2.0	07:38	07:59	08:01
533	2003-08-26	15:52:41.900	57161.900	C4.6	15:49	15:59	16:06
534	2003-09-24	04:34:08.331	16448.331	C2.1	04:31	04:35	04:38
535	2003-10-19	19:24:00.131	69840.131	M1.0	19:21	19:26	19:30
536	2003-10-20	22:00:08.410	79208.410	C6.2	22:00	23:18	22:13
537	2003-10-21	08:23:52.083	30232.083	M1.0	08:21	08:27	08:31
538	2003-10-22	03:28:30.680	12510.680	M3.7	03:28	03:51	05:21
539	2003-10-22	15:59:49.766	57589.766	M1.2	15:57	16:01	16:04
540	2003-10-22	19:52:18.987	71538.987	M9.9	19:47	20:07	20:28
541	2003-10-23	02:38:26.171	 9506.171	M2.4	02:35	02:41	02:44
542	2003-10-23	07:05:45.799	25545.799	M3.2	07:02	07:08	07:10
543	2003-10-23	08:22:24.671	30144.671	X5.4	08:19	08:35	08:49
544	2003-10-23	19:54:46.083	71686.083	X1.1	19:50	20:04	20:14
545	2003-10-24	02:44:51.839	 9891.839	M7.6	02:27	02:54	03:14
546	2003-10-24	05:06:44.755	18404.755	M4.2	05:04	05:10	05:16
547	2003-10-24	10:34:27.588	38067.588	C9.1	10:31	10:35	10:37
548	2003-10-24	20:23:28.376	73408.376	C5.3	20:21	20:27	20:30
549	2003-10-24	21:38:26.789	77906.789	M1.0	21:35	21:40	21:45
550	2003-10-25	05:46:52.880	20812.880	M1.7	05:44	05:53	06:26
551	2003-10-25	10:29:33.236	37773.236	M1.5	10:26	10:35	10:45
552	2003-10-26	06:11:25.091	22285.091	X1.2	05:57	06:54	07:33
553	2003-10-27	09:22:56.444	33776.444	M5.0	09:21	09:27	09:32
554	2003-10-28	00:58:26.040	 3506.040	C6.7	00:56	00:59	01:02
555	2003-10-28	05:10:13.772	18613.772	C7.7	05:07	05:11	05:14
556	2003-10-28	09:54:06.965	35646.965	X17.2	09:51	11:10	11:24
557	2003-10-28	11:01:14.917	39674.917	X17.2	09:51	11:10	11:24
558	2003-11-02	17:15:07.985	62107.985	X8.3	17:03	17:25	17:39
559	2003-11-13	05:00:40.084	18040.084	M1.6	04:54	05:01	05:06
560	2003-11-17	08:58:42.158	32322.158	M4.2	08:55	09:05	09:19
561	2003-11-18	01:35:58.703	 5758.703	M1.8	01:34	01:39	01:42
562	2003-11-18	07:41:16.043	27676.043	M3.2	07:23	07:52	08:06
563	2003-11-18	22:17:43.449	80263.449	C6.1	22:15	22:22	22:37
564	2003-11-19	14:15:16.630	51316.630	C3.9	14:14	14:19	14:28
565	2003-11-20	07:26:37.812	26797.812	C3.8	07:25	07:28	07:30
566	2003-11-30	00:09:51.232	  591.232	C4.6	00:06	00:11	00:14
567	2003-12-06	15:40:58.996	56458.996	M2.0	15:39	15:46	15:53
568	2003-12-19	16:44:59.030	60299.030	C5.4	16:37	16:46	16:53
569	2003-12-31	18:22:24.545	66144.545	M1.0	18:21	18:24	18:26
570	2004-01-01	06:52:45.142	24765.142	C8.0	06:04	06:54	07:00
571	2004-01-06	06:22:26.499	22946.499	M5.8	06:13	06:29	06:36
572	2004-01-07	03:56:17.386	14177.386	M4.5	03:43	04:04	04:21
573	2004-01-07	10:20:37.908	37237.908	M8.3	10:14	10:27	10:33
574	2004-01-09	01:19:34.166	 4774.166	M1.1	01:13	01:22	01:27
575	2004-01-17	17:45:44.740	63944.740	M5.0	17:35	17:50	17:59
576	2004-02-04	11:15:16.972	40516.972	C9.9	11:12	11:18	11:22
577	2004-02-26	01:54:42.093	 6882.093	X1.1	01:50	02:03	02:10
578	2004-03-29	19:58:09.140	71889.140	C4.5	19:55	20:03	20:08
579	2004-03-30	01:52:39.283	 6759.283	C5.7	01:51	01:56	01:58
580	2004-03-30	09:44:43.570	35083.570	C5.9	09:41	09:51	09:54
581	2004-03-30	12:56:22.182	46582.182	C4.7	12:54	13:00	13:03
582	2004-03-31	20:05:32.654	72332.654	C7.4	20:02	20:08	20:10
583	2004-04-06	13:17:55.471	47875.471	M2.4	12:30	13:28	13:46
584	2004-04-11	04:15:16.002	15316.002	C9.6	03:54	04:19	04:35
585	2004-04-15	16:42:06.882	60126.882	M1.2	16:37	16:44	16:48
586	2004-04-23	21:09:08.854	76148.854	M1.1	21:02	21:12	21:14
587	2004-07-13	00:13:20.798	  800.798	M6.7	00:09	00:17	00:23
588	2004-07-13	08:46:47.529	31607.529	M5.4	08:40	08:48	08:55
589	2004-07-13	12:05:09.518	43509.518	M2.9	11:59	12:08	12:12
590	2004-07-13	19:27:12.248	70032.248	M6.2	19:24	19:32	19:36
591	2004-07-14	05:20:55.876	19255.876	M6.2	05:02	05:23	05:27
592	2004-07-15	01:37:54.923	 5874.923	X1.8	01:30	01:41	01:48
593	2004-07-15	18:21:35.212	66095.212	X1.6	18:15	18:24	18:28
594	2004-07-16	02:02:10.530	 7330.530	X1.3	01:43	02:06	02:12
595	2004-07-16	10:38:26.393	38306.393	X1.1	10:32	10:41	10:46
596	2004-07-16	13:52:55.853	49975.853	X3.6	13:49	13:55	14:01
597	2004-07-17	07:55:08.884	28508.884	X1.0	07:51	07:57	07:59
598	2004-07-17	19:17:08.586	69428.586	C5.3	19:15	19:18	19:20
599	2004-07-18	02:54:01.450	10441.450	M1.5	02:51	02:57	03:03
600	2004-07-19	20:56:49.090	75409.090	C1.8	20:54	20:59	21:03
601	2004-07-20	12:26:21.490	44781.490	M8.6	12:22	12:32	12:45
602	2004-07-21	00:32:37.215	 1957.215	C6.6	00:29	00:34	00:39
603	2004-07-21	05:14:49.431	18889.431	C8.9	05:05	05:21	05:33
604	2004-07-22	00:31:08.868	 1868.868	M9.1	00:14	00:32	00:43
605	2004-07-22	07:44:10.372	27850.372	C5.3	07:41	07:59	08:08
606	2004-07-22	11:05:07.387	39907.387	C5.8	11:02	11:11	11:24
607	2004-07-23	21:19:24.033	76764.033	M1.7	21:15	21:23	21:30
608	2004-07-24	13:34:29.869	48869.869	C4.8	13:31	13:37	13:45
609	2004-07-24	18:44:27.795	67467.795	M2.5	18:40	18:50	18:56
610	2004-07-25	00:28:54.446	 1734.446	C7.4	00:25	00:32	00:36
611	2004-07-25	05:46:33.755	20793.755	M7.1	05:39	05:51	05:58
612	2004-07-27	05:44:16.961	20656.961	M1.1	05:41	05:45	05:52
613	2004-07-29	23:55:59.361	86159.361	C1.0	23:54	00:12	00:14
614	2004-08-13	18:09:53.526	65393.526	X1.0	18:07	18:12	18:15
615	2004-08-14	04:14:04.207	15244.207	M2.4	04:10	04:14	04:17
616	2004-08-14	05:43:11.059	20591.059	M7.4	05:36	05:44	05:52
617	2004-08-15	03:29:42.930	12582.930	C6.9	03:27	03:33	03:35
618	2004-08-18	17:31:03.704	63063.704	X1.8	17:29	17:40	17:54
619	2004-09-12	01:37:04.470	 5824.470	M3.2	01:36	01:39	01:41
620	2004-10-20	10:46:26.348	38786.348	M2.6	10:43	10:51	10:56
621	2004-10-21	19:47:17.300	71237.300	C9.9	19:24	19:48	19:56
622	2004-10-30	00:43:22.970	 2602.970	C9.7	00:39	00:49	00:53
623	2004-10-30	03:29:39.971	12579.971	M3.3	03:23	03:33	03:37
624	2004-10-30	06:12:47.002	22367.002	M4.2	06:08	06:18	06:22
625	2004-10-30	09:26:55.264	34015.264	M3.7	09:09	09:28	09:30
626	2004-10-30	11:42:42.638	42162.638	X1.2	11:38	11:46	11:50
627	2004-10-30	16:24:03.637	59043.637	M5.9	16:18	16:33	16:37
628	2004-10-31	05:26:38.860	19598.860	M2.3	05:23	05:32	05:39
629	2004-11-01	03:18:53.505	11933.505	M1.1	03:04	03:22	03:26
630	2004-11-03	01:26:43.205	 5203.205	M2.8	01:23	01:33	01:37
631	2004-11-03	03:28:30.983	12510.983	M1.6	03:23	03:35	03:57
632	2004-11-03	15:42:04.910	56524.910	M5.0	15:35	15:47	15:55
633	2004-11-04	22:54:38.116	82478.116	M5.4	22:53	23:09	23:26
634	2004-11-05	11:28:21.423	41301.423	M4.0	11:23	11:30	11:33
635	2004-11-06	00:28:46.571	 1726.571	M9.3	00:11	00:34	00:42
636	2004-11-06	01:40:49.966	 6049.966	M3.6	01:40	01:57	02:08
637	2004-11-08	14:34:16.119	52456.119	C7.7	14:30	14:35	14:38
638	2004-11-08	15:45:56.459	56756.459	M2.3	15:43	15:49	15:52
639	2004-11-10	02:06:06.813	 7566.813	X2.5	01:59	02:13	02:20
640	2004-11-18	14:55:32.843	53732.843	C3.6	14:49	14:56	14:58
641	2004-11-23	15:05:34.986	54334.986	C6.5	15:02	15:07	15:14
642	2004-12-29	16:22:47.162	58967.162	M2.3	15:57	16:27	16:38
643	2004-12-30	10:38:46.763	38326.763	M2.2	10:34	10:47	10:57
644	2004-12-30	22:15:47.921	80147.921	M4.2	22:02	22:18	22:28
645	2005-01-01	00:27:37.406	 1657.406	X1.7	00:01	00:31	00:39
646	2005-01-14	10:19:16.188	37156.188	C8.9	10:08	10:20	10:26
647	2005-01-14	13:57:19.290	50239.290	M1.8	13:53	14:11	14:45
648	2005-01-15	00:38:57.234	 2337.234	X1.2	00:22	00:43	01:02
649	2005-01-15	04:28:43.804	16123.804	M8.4	04:26	04:31	04:36
650	2005-01-15	19:47:26.532	71246.532	C3.5	19:44	19:49	19:54
651	2005-01-15	22:32:43.160	81163.160	X2.6	22:25	23:02	23:31
652	2005-01-17	09:42:50.553	34970.553	X3.8	06:59	09:52	10:07
653	2005-03-20	11:51:38.308	42698.308	C2.1	11:42	11:52	11:54
654	2005-05-05	20:13:50.849	72830.849	C7.8	20:09	20:20	20:27
655	2005-05-06	03:07:39.347	11259.347	C9.3	03:05	03:14	03:21
656	2005-05-06	11:22:54.056	40974.056	M1.3	11:11	11:28	11:35
657	2005-05-13	16:41:36.940	60096.940	M8.0	16:13	16:57	17:28
658	2005-06-01	22:10:07.128	79807.128	C7.2	22:03	22:18	22:25
659	2005-06-03	04:09:35.752	14975.752	M1.3	04:03	04:11	04:16
660	2005-06-16	20:09:12.729	72552.729	M4.0	20:01	20:22	20:42
661	2005-07-09	21:58:20.960	79100.960	M2.8	21:47	22:06	22:19
662	2005-07-13	06:38:07.674	23887.674	C4.7	06:35	06:38	06:40
663	2005-07-13	21:52:04.797	78724.797	M1.2	21:49	21:54	21:58
664	2005-07-14	06:04:10.813	21850.813	M9.1	05:57	07:25	07:43
665	2005-07-14	07:22:26.308	26546.308	M9.1	05:57	07:25	07:43
666	2005-07-14	10:33:04.731	37984.731	X1.2	10:16	10:55	11:29
667	2005-08-02	18:26:21.407	66381.407	M4.2	18:22	18:31	18:37
668	2005-08-03	04:58:27.794	17907.794	M3.4	04:54	05:06	05:11
669	2005-08-28	10:19:20.418	37160.418	M1.6	10:17	10:28	10:37
670	2005-09-07	12:36:07.475	45367.475	C9.6	12:34	12:44	12:49
671	2005-09-07	17:25:17.585	62717.585	X17.0	17:17	17:40	18:03
672	2005-09-13	19:22:52.711	69772.711	X1.5	19:19	19:27	20:57
673	2005-09-13	23:19:40.362	83980.362	X1.7	23:15	23:22	23:30
674	2005-09-15	04:59:10.337	17950.337	C2.6	04:57	05:00	05:02
675	2005-09-15	08:35:58.579	30958.579	X1.1	08:30	08:38	08:46
676	2005-09-16	01:47:32.651	 6452.651	M4.4	01:41	01:49	01:56
677	2005-09-17	06:01:47.254	21707.254	M9.8	05:58	06:05	06:15
678	2005-11-14	03:59:26.748	14366.748	C7.3	03:55	04:02	04:05
679	2005-11-14	14:20:16.427	51616.427	M3.9	14:16	14:21	14:23
680	2005-12-02	02:49:08.160	10148.160	M6.5	02:42	02:52	03:00
681	2005-12-02	10:09:41.866	36581.866	M7.8	10:05	10:12	10:25
682	2006-01-05	09:20:25.107	33625.107	C4.4	09:17	09:23	09:26
683	2006-04-30	01:53:10.624	 6790.624	C5.3	01:33	01:57	02:07
684	2006-07-07	00:18:46.865	 1126.865	C2.6	00:13	00:21	00:21
685	2006-07-07	04:56:43.190	17803.190	B2.2	04:50	04:59	04:59
686	2006-07-07	12:04:02.385	43442.385	C5.2	11:59	12:06	12:06
687	2006-08-15	10:42:49.468	38569.468	B8.1	10:41	10:44	10:46
688	2006-08-20	16:30:42.347	59442.347	C2.9	16:27	16:32	16:34
689	2006-08-28	11:04:01.314	39841.314	C1.8	11:02	11:06	11:08
690	2006-12-05	08:01:36.142	28896.142	M1.8	07:45	08:03	08:06
691	2006-12-05	10:26:03.142	37563.142	X9.0	10:18	10:35	10:45
692	2006-12-13	02:22:16.577	 8536.577	X3.4	02:14	02:40	02:57
693	2006-12-14	22:07:37.803	79657.803	X1.5	21:07	22:15	22:26
694	2007-06-01	21:49:31.977	78571.977	M2.1	21:40	21:52	21:59
695	2007-06-03	01:57:15.192	 7035.192	M2.4	01:51	01:59	02:04
696	2007-06-03	06:39:15.063	23955.063	M4.5	06:36	06:41	06:43
697	2007-06-03	09:26:30.426	33990.426	C5.3	09:23	09:28	09:31
698	2007-06-04	05:11:11.428	18671.428	M8.9	05:06	05:13	05:16
699	2010-02-07	02:33:04.736	 9184.736	M6.4	02:20	02:34	02:39
700	2010-02-08	07:40:04.864	27604.864	M4.0	07:36	07:43	07:46
701	2010-02-08	13:44:03.619	49443.619	M2.0	13:32	13:47	13:50
702	2010-02-12	07:23:17.710	26597.710	C7.9	07:18	07:25	07:28
703	2010-02-12	11:25:25.734	41125.734	M8.3	11:19	11:26	11:28
704	2010-06-12	00:55:32.314	 3332.314	M2.0	00:30	00:57	01:02
705	2010-10-16	19:10:43.505	69043.505	M2.9	19:07	19:12	19:15
706	2011-02-13	17:33:59.215	63239.215	M6.6	17:28	17:38	17:47
707	2011-02-14	17:24:53.608	62693.608	M2.2	17:20	17:26	17:32
708	2011-02-14	19:29:20.077	70160.077	C6.6	19:23	19:30	19:36
709	2011-02-15	01:53:08.473	 6788.473	X2.2	01:44	01:56	02:06
710	2011-02-15	04:29:02.225	16142.225	C4.8	04:27	04:32	04:37
711	2011-02-18	10:10:48.442	36648.442	M6.6	09:55	10:11	10:15
712	2011-02-24	07:29:46.122	26986.122	M3.5	07:23	07:35	07:42
713	2011-03-07	05:09:59.922	18599.922	M1.2	05:00	05:13	05:19
714	2011-03-07	09:18:05.085	33485.085	M1.8	09:14	09:20	09:28
715	2011-03-07	19:59:19.180	71959.180	M3.7	19:43	20:12	20:58
716	2011-03-08	10:40:28.796	38428.796	M5.3	10:35	10:44	10:55
717	2011-03-09	23:21:10.759	84070.759	X1.5	23:13	23:23	23:29
718	2011-03-14	19:51:24.357	71484.357	M4.2	19:30	19:52	19:54
719	2011-03-15	00:21:57.533	 1317.533	M1.0	00:18	00:22	00:24
720	2011-03-21	11:46:18.799	42378.799	C2.6	11:45	11:47	11:50
721	2011-03-23	02:11:42.595	 7902.595	M1.4	02:03	02:17	02:24
722	2011-05-29	21:07:31.482	76051.482	C8.7	20:11	21:20	21:48
723	2011-06-07	06:24:54.454	23094.454	M2.5	06:16	06:41	06:59
724	2011-06-14	21:41:29.578	78089.578	M1.3	21:36	21:47	22:10
725	2011-07-30	02:07:31.497	 7651.497	M9.3	02:04	02:09	02:12
726	2011-08-03	04:31:01.758	16261.758	M1.7	04:29	04:32	04:35
727	2011-08-04	03:45:23.117	13523.117	M9.3	03:41	03:57	04:04
728	2011-08-09	08:01:28.310	28888.310	X6.9	07:48	08:05	08:08
729	2011-09-06	22:18:05.187	80285.187	X2.1	22:12	22:20	22:24
730	2011-09-07	22:35:26.331	81326.331	X1.8	22:32	22:38	22:44
731	2011-09-08	15:42:52.314	56572.314	M6.7	15:32	15:46	15:52
732	2011-09-20	06:48:06.021	24486.021	C2.0	06:44	06:56	07:00
733	2011-09-22	04:27:41.276	16061.276	C6.6	04:20	04:28	04:41
734	2011-09-22	10:42:19.918	38539.918	X1.4	10:29	11:01	11:44
735	2011-09-24	09:35:03.350	34503.350	X1.9	09:21	09:40	09:48
736	2011-09-25	08:47:27.406	31647.406	M3.1	08:46	08:49	08:52
737	2011-09-26	05:06:13.838	18373.838	M4.0	05:06	05:08	05:13
738	2011-09-28	12:29:02.043	44942.043	C9.3	12:26	12:32	12:38
739	2011-10-02	15:09:59.269	54599.269	C2.6	15:07	15:11	15:14
740	2011-10-02	17:21:26.815	62486.815	M1.3	17:19	17:23	17:26
741	2011-10-19	18:46:55.565	67615.565	C3.4	18:45	18:49	18:51
742	2011-11-03	20:20:24.546	73224.546	X1.9	20:16	20:27	20:32
743	2011-12-05	15:17:01.232	55021.232	C4.7	15:14	15:18	15:20
744	2011-12-25	18:14:19.917	65659.917	M4.0	18:11	18:16	18:20
745	2011-12-25	20:26:50.583	73610.583	C7.7	20:23	20:29	20:33
746	2011-12-27	04:16:00.966	15360.966	C8.9	04:11	04:22	04:31
747	2011-12-31	16:19:43.680	58783.680	M1.5	16:16	16:26	16:34
748	2012-01-23	03:39:21.544	13161.544	M8.7	03:38	03:59	04:34
749	2012-01-27	18:10:47.139	65447.139	X1.7	17:37	18:37	18:56
750	2012-03-05	03:33:41.782	12821.782	X1.1	02:30	04:09	04:43
751	2012-03-05	18:35:32.267	66932.267	C6.8	18:33	18:37	18:41
752	2012-03-06	21:05:35.680	75935.680	M1.3	21:04	21:11	21:14
753	2012-03-07	00:06:56.619	  416.619	X5.4	00:02	00:24	00:40
754	2012-03-13	17:18:30.275	62310.275	M7.9	17:12	17:41	18:25
755	2012-03-17	20:36:41.770	74201.770	M1.3	20:32	20:39	20:42
756	2012-05-07	17:23:22.738	62602.738	C7.4	17:20	17:26	17:30
757	2012-05-10	04:15:21.348	15321.348	M5.7	04:11	04:18	04:23
758	2012-06-03	17:52:57.092	64377.092	M3.3	17:48	17:55	17:57
759	2012-06-09	11:30:53.076	41453.076	M1.9	11:20	11:32	11:35
760	2012-06-28	16:10:54.420	58254.420	M2.4	16:07	16:12	16:15
761	2012-07-02	10:46:39.168	38799.168	M5.6	10:43	10:52	10:57
762	2012-07-02	20:01:41.263	72101.263	M3.8	19:59	20:07	20:13
763	2012-07-04	09:54:47.810	35687.810	M5.3	09:47	09:55	09:57
764	2012-07-04	12:08:02.292	43682.292	M2.3	12:07	12:24	12:32
765	2012-07-05	03:35:35.144	12935.144	M4.7	03:25	03:36	03:39
766	2012-07-05	10:46:38.179	38798.179	M1.8	10:44	10:48	10:50
767	2012-07-05	20:12:46.372	72766.372	M1.6	20:09	20:14	20:28
768	2012-07-05	21:40:42.801	78042.801	M1.6	21:37	21:45	21:51
769	2012-07-06	01:38:37.394	 5917.394	M2.9	01:37	01:40	01:42
770	2012-07-06	23:04:30.651	83070.651	X1.1	23:01	23:08	23:14
771	2012-07-07	11:02:19.285	39739.285	M2.6	10:57	11:03	11:07
772	2012-07-08	12:10:31.272	43831.272	M1.4	12:06	12:10	12:13
773	2012-07-08	16:24:59.098	59099.098	M6.9	16:23	16:32	16:42
774	2012-07-09	23:06:29.395	83189.395	M1.1	23:03	23:07	23:11
775	2012-07-10	03:39:40.476	13180.476	C3.9	03:37	03:43	03:48
776	2012-08-06	04:35:40.760	16540.760	M1.6	04:33	04:38	04:41
777	2012-08-18	00:56:53.365	 3413.365	M5.5	00:24	01:02	01:07
778	2012-08-18	03:21:24.363	12084.363	M1.8	03:17	03:23	03:30
779	2012-08-18	16:05:54.470	57954.470	M2.0	16:02	16:07	16:09
780	2012-10-23	03:14:40.760	11680.760	X1.8	03:13	03:17	03:21
781	2012-11-08	02:19:25.302	 8365.302	M1.7	02:08	02:23	02:55
782	2012-11-13	02:01:35.536	 7295.536	M6.0	01:58	02:04	02:06
783	2012-11-13	05:47:14.938	20834.938	M2.5	05:42	05:50	05:54
784	2012-11-13	20:52:30.848	75150.848	M2.8	20:50	20:54	20:57
785	2012-11-20	12:38:38.021	45518.021	M1.7	12:36	12:41	12:46
786	2012-11-23	19:29:29.819	70169.819	C2.5	19:27	19:30	19:32
787	2012-11-27	15:55:41.118	57341.118	M1.6	15:52	15:57	16:03
788	2013-01-12	02:13:02.830	 7982.830	C5.3	02:10	02:24	02:40
789	2013-01-13	00:48:21.937	 2901.937	M1.0	00:45	00:50	00:52
790	2013-01-13	08:36:23.185	30983.185	M1.7	08:35	08:38	08:40
791	2013-02-17	15:47:07.781	56827.781	M1.9	15:45	15:50	15:52
792	2013-02-20	11:10:57.236	40257.236	C8.2	11:08	11:11	11:13
793	2013-04-21	05:13:03.606	18783.606	C1.4	05:04	05:14	05:18
794	2013-04-21	16:02:49.314	57769.314	C2.9	16:00	16:03	16:06
795	2013-04-22	10:26:39.065	37599.065	M1.0	10:22	10:29	10:31
796	2013-04-23	14:13:24.656	51204.656	C8.2	14:05	14:14	14:16
797	2013-05-02	05:04:36.656	18276.656	M1.1	04:58	05:10	05:19
798	2013-05-03	17:29:41.651	62981.651	M5.7	17:24	17:32	17:41
799	2013-05-13	02:08:16.811	 7696.811	X1.7	01:53	02:17	02:32
800	2013-05-13	15:52:50.166	57170.166	X2.8	15:48	16:05	16:16
801	2013-05-14	01:05:20.916	 3920.916	X3.2	00:00	01:11	01:20
802	2013-06-07	22:43:03.340	81783.340	M5.9	22:11	22:49	23:04
803	2013-06-23	20:52:44.163	75164.163	M2.9	20:48	20:56	20:59
804	2013-07-03	20:02:12.303	72132.303	C6.0	19:59	20:04	20:08
805	2013-07-04	00:06:28.702	  388.702	C8.9	00:04	00:08	00:13
806	2013-07-05	02:49:19.690	10159.690	C3.3	02:46	02:50	02:53
807	2013-07-06	02:31:48.590	 9108.590	C4.1	02:29	02:33	02:36
808	2013-07-08	01:21:53.240	 4913.240	C9.7	01:13	01:22	01:23
809	2013-08-17	18:21:37.271	66097.271	M3.3	18:16	18:24	18:35
810	2013-08-19	09:13:29.112	33209.112	C2.2	09:10	09:20	09:23
811	2013-10-15	05:05:22.313	18322.313	C9.5	05:04	05:07	05:10
812	2013-10-18	10:52:42.378	39162.378	C4.7	10:51	10:54	10:56
813	2013-10-22	21:18:37.380	76717.380	M4.2	21:15	21:20	21:22
814	2013-10-25	07:57:23.377	28643.377	X1.7	07:53	08:01	08:09
815	2013-10-25	14:57:10.821	53830.821	X2.1	14:51	15:03	15:12
816	2013-10-25	19:20:09.110	69609.110	M2.3	19:05	19:21	19:24
817	2013-10-25	20:56:44.068	75404.068	M1.9	20:54	20:58	21:13
818	2013-10-26	09:24:17.857	33857.857	M1.5	09:17	09:37	09:48
819	2013-10-26	19:24:11.650	69851.650	M3.1	19:24	19:27	19:30
820	2013-10-27	17:50:51.617	64251.617	C9.1	17:48	17:53	18:04
821	2013-10-28	04:36:40.634	16600.634	M5.1	04:32	04:41	04:46
822	2013-10-28	14:02:01.110	50521.110	M2.8	14:00	14:05	14:12
823	2013-10-28	20:53:54.930	75234.930	M1.5	20:48	20:57	21:02
824	2013-10-29	10:05:14.370	36314.370	C6.3	10:02	10:07	10:21
825	2013-10-29	21:48:15.728	78495.728	X2.3	21:42	21:54	22:01
826	2013-11-01	19:50:02.639	71402.639	M6.3	19:46	19:53	19:58
827	2013-11-03	05:20:21.807	19221.807	M5.0	05:16	05:22	05:26
828	2013-11-05	18:09:37.132	65377.132	M1.0	18:08	18:13	18:17
829	2013-11-05	22:10:48.194	79848.194	X3.3	22:07	22:12	22:15
830	2013-11-06	13:42:46.684	49366.684	M3.8	13:39	13:46	13:53
831	2013-11-07	03:37:49.089	13069.089	M2.3	03:34	03:40	03:43
832	2013-11-07	14:18:13.612	51493.612	M2.4	14:15	14:25	14:31
833	2013-11-08	04:23:41.076	15821.076	X1.1	04:20	04:26	04:29
834	2013-11-10	05:12:02.285	18722.285	X1.1	05:08	05:14	05:18
835	2013-11-12	06:22:41.074	22961.074	C3.2	06:18	06:24	06:28
836	2013-11-12	14:17:03.243	51423.243	C2.0	14:14	14:17	14:19
837	2013-11-14	06:45:30.974	24330.974	C3.5	06:43	06:46	06:50
838	2013-11-15	11:33:33.056	41613.056	C7.5	11:31	11:35	11:40
839	2013-11-19	10:18:10.924	37090.924	X1.0	10:14	10:26	10:34
840	2013-12-22	08:08:51.393	29331.393	M1.9	08:05	08:11	08:18
841	2013-12-22	15:11:46.169	54706.169	M3.3	15:06	15:12	15:19
842	2014-01-07	10:10:51.201	36651.201	M7.2	10:07	10:13	10:37
843	2014-01-07	18:07:44.794	65264.794	X1.2	18:04	18:32	18:58
844	2014-01-11	23:59:53.353	86393.353	C6.0	23:57	00:05	00:09
845	2014-01-28	05:27:11.135	19631.135	C9.2	05:25	05:29	05:31
846	2014-01-28	07:27:34.477	26854.477	M3.6	07:25	07:31	07:34
847	2014-01-28	19:36:50.977	70610.977	M4.9	19:00	19:40	19:46
848	2014-01-29	04:13:29.995	15209.995	C7.3	04:06	04:31	04:42
849	2014-02-02	09:27:50.620	34070.620	M4.4	09:24	09:31	09:36
850	2014-02-03	22:32:18.832	81138.832	C7.8	22:29	22:33	22:36
851	2014-02-04	03:58:20.116	14300.116	M5.2	03:57	04:00	04:06
852	2014-02-04	15:30:15.976	55815.976	M1.5	15:25	16:02	16:49
853	2014-02-05	14:42:21.404	52941.404	C3.3	14:41	14:46	14:50
854	2014-02-06	11:54:18.946	42858.946	C3.0	11:45	11:56	11:59
855	2014-02-07	10:27:56.074	37676.074	M1.9	10:25	10:29	10:31
856	2014-02-11	03:27:22.944	12442.944	M1.7	03:22	03:31	03:39
857	2014-02-14	16:36:12.172	59772.172	M1.0	16:33	16:39	16:42
858	2014-02-16	09:23:49.594	33829.594	M1.1	09:20	09:26	09:29
859	2014-02-25	00:42:44.143	 2564.143	X4.9	00:39	00:49	01:03
860	2014-03-03	15:57:21.063	57441.063	M1.2	15:54	15:58	16:01
861	2014-03-12	22:31:49.228	81109.228	M9.3	22:28	22:34	22:39
862	2014-03-28	23:49:02.910	85742.910	M2.6	23:44	23:51	23:58
863	2014-03-29	17:45:19.106	63919.106	X1.0	17:35	17:48	17:54
864	2014-04-25	00:20:10.166	 1210.166	X1.3	00:17	00:27	00:38
865	2014-05-08	10:01:36.097	36096.097	M5.2	09:59	10:07	10:18
866	2014-06-10	08:20:35.943	30035.943	C3.9	08:17	08:25	08:32
867	2014-06-10	11:39:11.280	41951.280	X2.2	11:36	11:42	11:44
868	2014-06-11	08:03:26.838	29006.838	M3.0	08:00	08:09	08:15
869	2014-06-11	20:56:22.548	75382.548	M3.9	20:53	21:03	21:10
870	2014-06-12	04:19:13.010	15553.010	M2.0	04:14	04:21	04:26
871	2014-06-12	09:35:37.886	34537.886	M1.8	09:23	09:37	09:42
872	2014-07-07	08:00:50.814	28850.814	C4.3	07:58	08:02	08:04
873	2014-08-01	14:46:55.240	53215.240	M2.0	14:43	14:48	14:57
874	2014-08-24	12:10:00.607	43800.607	M5.9	12:00	12:17	12:25
875	2014-09-10	17:26:46.013	62806.013	X1.6	17:21	17:45	18:20
876	2014-09-11	15:23:27.962	55407.962	M2.1	15:20	15:26	15:31
877	2014-09-18	08:39:47.949	31187.949	M1.2	08:37	08:41	08:53
878	2014-09-24	17:49:04.729	64144.729	C7.0	17:45	17:50	17:52
879	2014-10-16	13:01:03.574	46863.574	M4.3	12:58	13:03	13:05
880	2014-10-18	17:11:30.163	61890.163	C2.7	17:09	17:15	17:25
881	2014-10-18	19:01:03.604	68463.604	C3.8	18:59	19:16	19:33
882	2014-10-19	17:33:09.225	63189.225	C4.7	17:30	17:34	17:37
883	2014-10-20	09:05:38.985	32738.985	M3.9	09:00	09:11	09:20
884	2014-10-20	18:57:52.493	68272.493	M1.4	18:55	19:02	19:04
885	2014-10-21	10:48:51.702	38931.702	C6.3	10:46	10:58	11:13
886	2014-10-21	12:27:00.465	44820.465	C4.4	12:25	12:28	12:30
887	2014-10-21	13:36:57.346	49017.346	M1.2	13:35	13:38	13:40
888	2014-10-22	01:38:15.841	 5895.841	M8.7	01:16	01:59	02:28
889	2014-10-22	05:14:08.967	18848.967	M2.7	05:11	05:17	05:21
890	2014-10-22	14:05:13.078	50713.078	X1.6	14:02	14:28	14:50
891	2014-10-23	09:47:22.522	35242.522	M1.1	09:44	09:50	09:56
892	2014-10-24	07:40:21.997	27621.997	M4.0	07:37	07:48	07:53
893	2014-10-24	21:10:14.879	76214.879	X3.1	21:07	21:41	22:13
894	2014-10-25	23:21:57.290	84117.290	C8.4	23:20	23:26	23:36
895	2014-10-26	10:42:54.688	38574.688	X2.0	10:04	10:56	11:18
896	2014-10-26	18:08:19.268	65299.268	M4.2	18:07	18:15	18:20
897	2014-11-05	14:27:24.486	52044.486	C2.1	14:24	14:28	14:31
898	2014-11-07	16:37:07.335	59827.335	C7.0	16:10	16:39	16:45
899	2014-11-10	02:21:40.790	 8500.790	C7.6	02:18	02:22	02:25
900	2014-11-15	11:55:31.117	42931.117	M3.2	11:40	12:03	12:10
901	2014-11-15	20:43:02.734	74582.734	M3.7	20:38	20:46	20:50
902	2014-11-16	17:44:15.035	63855.035	M5.7	17:35	17:48	17:57
903	2014-11-19	21:49:45.589	78585.589	C2.6	21:47	21:50	21:52
904	2014-11-29	08:19:20.744	29960.744	C6.7	08:16	08:21	08:25
905	2014-12-13	10:07:07.542	36427.542	C4.0	10:03	10:10	10:16
906	2014-12-14	01:28:05.250	 5285.250	C3.4	01:24	01:29	01:35
907	2014-12-17	04:31:55.905	16315.905	M8.7	04:25	04:51	05:20
908	2014-12-20	00:18:34.784	 1114.784	X1.8	00:11	00:28	00:55
909	2015-01-03	09:45:17.758	35117.758	M1.1	09:40	09:47	09:50
910	2015-03-02	15:25:28.798	55528.798	M3.7	15:10	15:28	15:37
911	2015-03-09	00:14:22.885	  862.885	C3.0	00:12	00:15	00:17
912	2015-03-09	10:05:42.377	36342.377	C4.0	10:02	10:08	10:16
913	2015-03-09	17:40:18.225	63618.225	C9.1	17:36	17:42	17:52
914	2015-03-10	03:20:45.155	12045.155	M5.1	03:19	03:24	03:28
915	2015-03-10	06:32:07.547	23527.547	C1.4	06:28	06:37	06:42
916	2015-03-10	23:59:51.001	86391.001	M2.9	23:46	00:02	00:06
917	2015-03-11	16:16:24.884	58584.884	X2.1	16:11	16:22	16:29
918	2015-03-12	04:43:12.005	16992.005	M3.2	04:41	04:46	04:50
919	2015-03-12	21:47:43.273	78463.273	M2.7	21:44	21:51	21:56
920	2015-03-15	09:37:00.111	34620.111	M1.0	09:36	09:40	09:46
921	2015-03-15	22:45:38.629	81938.629	M1.2	22:42	23:22	23:38
922	2015-03-17	23:30:31.474	84631.474	M1.0	22:49	23:34	23:48
923	2015-04-08	14:40:37.845	52837.845	M1.4	14:37	14:43	14:47
924	2015-05-05	09:44:11.616	35051.616	M1.9	09:42	09:47	09:51
925	2015-05-05	22:07:26.273	79646.273	X2.7	22:05	22:11	22:15
926	2015-05-06	11:47:53.814	42473.814	M1.9	11:45	11:49	11:51
927	2015-05-08	04:06:08.360	14768.360	C5.5	03:56	04:09	04:14
928	2015-05-08	09:39:40.382	34780.382	C4.1	09:37	09:40	09:42
929	2015-05-12	11:48:28.618	42508.618	C3.0	11:45	11:51	11:56
930	2015-06-14	00:55:04.965	 3304.965	M2.0	00:52	00:59	01:09
931	2015-06-18	00:22:19.768	 1339.768	C7.2	00:18	00:24	00:28
932	2015-06-21	01:35:40.823	 5740.823	M2.0	01:02	01:42	02:00
933	2015-06-22	17:52:18.435	64338.435	M6.5	17:39	18:23	18:51
934	2015-06-25	08:12:51.248	29571.248	M7.9	08:02	08:16	09:05
935	2015-08-22	21:21:19.085	76879.085	M3.5	21:19	21:24	21:28
936	2015-08-24	07:30:30.085	27030.085	M5.6	07:26	07:33	07:35
937	2015-09-21	02:01:46.047	 7306.047	C4.2	01:57	02:04	02:08
938	2015-09-21	05:16:46.783	19006.783	C8.8	05:11	05:18	05:22
939	2015-09-27	19:56:03.878	71763.878	C9.3	19:44	19:58	20:05
940	2015-09-28	14:54:57.238	53697.238	M7.6	14:53	14:58	15:03
941	2015-09-28	16:44:36.210	60276.210	C3.4	16:42	16:45	16:47
942	2015-09-29	06:41:50.675	24110.675	M1.4	06:39	06:43	06:46
943	2015-09-29	19:23:07.950	69787.950	M1.1	19:20	19:24	19:27
944	2015-09-30	13:19:51.205	47991.205	M1.1	13:18	13:20	13:21
945	2015-11-04	03:23:31.938	12211.938	M1.9	03:20	03:26	03:29
946	2015-11-09	13:02:16.791	46936.791	M3.9	12:49	13:12	13:28
947	2016-04-11	20:21:17.334	73277.334	C1.4	20:19	20:27	20:35
948	2016-05-04	22:47:31.631	82051.631	C1.7	22:43	22:48	22:51
949	2016-07-21	11:17:47.664	40667.664	C7.2	11:06	11:19	11:22
950	2016-07-23	05:10:00.810	18600.810	M7.6	05:00	05:16	05:24
951	2017-04-01	21:47:39.065	78459.065	M4.4	21:35	21:48	22:05
952	2017-04-02	20:30:05.536	73805.536	M5.7	20:26	20:33	20:38
953	2017-04-04	21:34:36.702	77676.702	C2.1	21:31	21:36	21:39
954	2017-07-03	16:13:22.622	58402.622	M1.3	15:37	16:15	16:18
955	2017-07-16	10:54:35.227	39275.227	C1.5	10:53	10:57	10:59
956	2017-09-05	13:29:32.552	48572.552	C6.9	13:26	13:34	13:51
957	2017-09-06	09:03:02.225	32582.225	X2.2	08:57	09:10	09:17
958	2017-09-06	11:55:23.457	42923.457	X9.3	11:53	12:02	12:10
959	2017-09-07	05:00:35.122	18035.122	M2.4	04:59	05:02	05:08
960	2017-09-07	09:52:54.451	35574.451	M1.4	09:49	09:54	09:58
961	2017-09-07	14:32:25.599	52345.599	X1.3	14:20	14:36	14:55
962	2017-09-07	18:41:34.057	67294.057	C4.5	18:40	18:44	18:49
963	2017-09-08	01:39:36.954	 5976.954	C5.3	01:36	01:40	01:42
964	2017-09-08	07:06:48.521	25608.521	C6.0	07:04	07:08	07:10
965	2019-05-06	05:08:33.929	18513.929	C9.9	05:04	05:10	05:12
966	2020-05-29	10:45:24.647	38724.647	C9.3	10:41	10:46	10:50
967	2021-05-09	13:54:17.225	50057.225	C4.0	13:38	13:58	14:09
968	2021-07-03	14:26:40.472	52000.472	X1.5	14:18	14:29	14:34
969	2021-08-29	10:01:59.971	36119.971	C8.1	09:54	10:03	10:07
970	2021-09-17	04:14:17.027	15257.027	C3.5	04:09	04:20	04:48
971	2021-10-26	02:45:39.970	 9939.970	M1.3	02:40	02:47	02:54
972	2021-10-28	15:27:26.140	55646.140	X1.0	15:17	15:35	15:48
973	2022-01-20	05:55:37.992	21337.992	M5.5	05:41	06:01	06:12
974	2022-03-30	17:31:06.179	63066.179	X1.3	17:21	17:37	17:46
975	2022-03-31	18:28:04.815	66484.815	M9.6	18:17	18:35	18:45
976	2022-04-17	22:32:20.248	81140.248	M4.4	22:28	22:34	22:40
977	2022-04-20	03:54:30.711	14070.711	X2.2	03:41	03:57	04:04
978	2022-04-21	01:53:46.253	 6826.253	M9.6	01:47	01:59	02:05
979	2022-04-21	21:03:43.100	75823.100	C7.0	20:58	21:04	21:08
980	2022-04-22	13:23:39.603	48219.603	M3.4	13:16	13:25	13:30
981	2022-04-30	05:28:30.826	19710.826	M1.4	05:25	05:34	05:40
982	2022-04-30	09:54:16.632	35656.632	M4.8	09:48	09:58	10:05
983	2022-04-30	13:42:42.134	49362.134	X1.1	13:37	13:47	13:52
984	2022-05-04	00:15:50.530	  950.530	M5.3	00:08	00:19	00:25
985	2022-05-07	15:06:08.356	54368.356	C2.2	15:00	15:07	15:13
986	2022-05-10	13:55:07.403	50107.403	X1.5	13:50	13:55	13:59
987	2022-05-20	07:43:45.400	27825.400	M3.0	07:35	07:45	07:49
988	2022-07-14	21:45:34.799	78334.799	M2.8	21:42	21:48	21:53
989	2022-08-15	16:53:59.701	60839.701	M2.7	16:40	16:54	16:58
990	2022-08-27	09:15:42.306	33342.306	C4.4	09:11	09:16	09:21
991	2022-08-29	11:06:20.617	39980.617	M8.6	10:48	11:08	11:12
992	2022-09-12	23:43:44.855	85424.855	M1.7	23:37	23:44	23:48
993	2022-09-16	09:47:43.705	35263.705	M7.9	09:44	09:49	09:56
994	2022-09-16	15:50:48.012	57048.012	M6.2	15:49	15:59	16:12
995	2022-09-23	11:32:20.130	41540.130	C7.2	11:29	11:33	11:37
996	2022-09-29	11:55:04.071	42904.071	C5.7	11:50	12:01	13:09
997	2022-10-01	20:03:08.150	72188.150	M5.8	19:58	20:10	20:16
998	2022-10-02	02:19:42.708	 8382.708	M8.7	02:08	02:21	02:26
999	2022-10-02	20:21:04.926	73264.926	X1.0	19:53	20:25	20:34
1000	2022-10-11	08:40:42.110	31242.110	M3.9	08:36	08:42	08:46
1001	2022-10-11	10:50:46.971	39046.971	M1.5	10:47	10:52	10:57
1002	2022-10-12	14:17:50.268	51470.268	C8.8	14:14	14:18	14:22
1003	2022-11-11	03:15:48.957	11748.957	C2.5	03:10	03:20	03:26
1004	2022-11-11	11:39:28.529	41968.529	M1.2	11:27	11:40	11:46